<?xml version="1.0" encoding="UTF-8"?>
<beans xmlns="http://www.springframework.org/schema/beans"
       xmlns:xsi="http://www.w3.org/2001/XMLSchema-instance"
       xmlns:aop="http://www.springframework.org/schema/aop"
       xmlns:tx="http://www.springframework.org/schema/tx"
       xmlns:context="http://www.springframework.org/schema/context"
       xsi:schemaLocation="
       http://www.springframework.org/schema/beans http://www.springframework.org/schema/beans/spring-beans-3.2.xsd
       http://www.springframework.org/schema/aop http://www.springframework.org/schema/aop/spring-aop-3.2.xsd
       http://www.springframework.org/schema/tx http://www.springframework.org/schema/tx/spring-tx-3.2.xsd
       http://www.springframework.org/schema/context http://www.springframework.org/schema/context/spring-context-3.2.xsd
       ">

    <!-- 扫描注解Bean -->
    <context:component-scan base-package="cn.uuf">
        <context:exclude-filter type="annotation" expression="org.springframework.stereotype.Controller"/>
    </context:component-scan>

    <bean id="propertyConfigurer" class="org.springframework.beans.factory.config.PropertyPlaceholderConfigurer">
        <property name="locations">
            <list>
            	<value>classpath*:jdbc.properties</value>
            	<value>classpath*:hibernate.properties</value>
            </list>
        </property>
    </bean>

 
    <!-- 国际化的消息资源文件 -->
    <bean id="messageSource" class="org.springframework.context.support.ReloadableResourceBundleMessageSource">
        <property name="basenames">
            <list>
                <!-- 在web环境中一定要定位到classpath 否则默认到当前web应用下找  -->
                <value>classpath*:messages.properties</value>
            </list>
        </property>
        <property name="defaultEncoding" value="UTF-8"/>
        <property name="cacheSeconds" value="60"/>
    </bean>
    
    <import resource="classpath*:spring/spring-dao.xml"/>

</beans>