<beans xmlns="http://www.springframework.org/schema/beans"
	xmlns:xsi="http://www.w3.org/2001/XMLSchema-instance" xmlns:p="http://www.springframework.org/schema/p"
	xmlns:context="http://www.springframework.org/schema/context"
	xmlns:cache="http://www.springframework.org/schema/cache"
	xmlns:util="http://www.springframework.org/schema/util" xmlns:mvc="http://www.springframework.org/schema/mvc"
	xsi:schemaLocation="
		http://www.springframework.org/schema/cache 
		http://www.springframework.org/schema/cache/spring-cache-3.2.xsd
        http://www.springframework.org/schema/util
        http://www.springframework.org/schema/util/spring-util-3.2.xsd
        http://www.springframework.org/schema/beans 
        http://www.springframework.org/schema/beans/spring-beans-3.2.xsd
        http://www.springframework.org/schema/context 
        http://www.springframework.org/schema/context/spring-context-3.2.xsd
        http://www.springframework.org/schema/mvc
        http://www.springframework.org/schema/mvc/spring-mvc-3.2.xsd">
       

	<!-- 会自动注册了validator ConversionService -->
	<mvc:annotation-driven validator="validator" conversion-service="conversion-service">
		<!-- @ResponseBody 默认返回的字符编码格式为ISO-8859-1 在这配置成utf-8 -->
		<mvc:message-converters register-defaults="true">
		    <bean class="org.springframework.http.converter.StringHttpMessageConverter">
		      <property name="supportedMediaTypes" value = "text/plain;charset=UTF-8" />
		    </bean>
		</mvc:message-converters>	
	</mvc:annotation-driven>

	<!-- 以下 validator ConversionService 在使用 mvc:annotation-driven 会 自动注册 -->
	<bean id="validator" class="org.springframework.validation.beanvalidation.LocalValidatorFactoryBean">
		<property name="providerClass" value="org.hibernate.validator.HibernateValidator" />
		<!-- 如果不加默认到 使用classpath下的 ValidationMessages.properties -->
		<property name="validationMessageSource" ref="messageSource" />
	</bean>
	<bean id="conversion-service" class="org.springframework.format.support.FormattingConversionServiceFactoryBean" />


	<!-- 开启controller注解支持 -->
	<context:component-scan base-package="cn.**.controller">
		<context:include-filter type="annotation" expression="org.springframework.stereotype.Controller" />
		<!-- context:exclude-filter type="annotation" expression="org.springframework.stereotype.Service" /-->
	</context:component-scan>

	<mvc:default-servlet-handler/>
	
	<mvc:resources mapping="/defaults/**" location="/defaults/" />

	<mvc:interceptors>
		<mvc:interceptor>
			<mvc:mapping path="/**"/>
			<mvc:exclude-mapping path="/defaults/**"/>
			<mvc:exclude-mapping path="/swfupload/**"/>
			<mvc:exclude-mapping path="/upload/**"/>
			<mvc:exclude-mapping path="/auth/**"/>
			<bean class="cn.uuf.interceptor.LogInterceptor"/>
		</mvc:interceptor>
		<mvc:interceptor>
			<mvc:mapping path="/**"/>
			<mvc:exclude-mapping path="/defaults/**"/>
			<mvc:exclude-mapping path="/upload/**"/>
			<bean class="cn.uuf.interceptor.PermissionInterceptor">
				<property name="uncheckUrls">
	                 <list> 
	                 	 <value>/auth</value>
	                 	 <value>/index</value>
	                 	 <value>/admin/upload/swfupload</value>
	                 	 <value>/meetingRoom/getList</value>
	                 	 <value>/swf/upload/swfupload</value>
     				</list> 
	            </property> 
			</bean>
		</mvc:interceptor>
	</mvc:interceptors>
	
	
	
	<mvc:view-controller path="/" view-name="forward:/index" />
	<!-- 当在web.xml 中 DispatcherServlet使用 <url-pattern>/</url-pattern> 映射时，能映射静态资源 -->

	<bean class="org.springframework.web.servlet.mvc.annotation.DefaultAnnotationHandlerMapping" />

	<bean id="handlerAdapter" class="org.springframework.web.servlet.mvc.annotation.AnnotationMethodHandlerAdapter"/>

	<bean class="org.springframework.web.servlet.view.ContentNegotiatingViewResolver">
		<property name="mediaTypes">
			<map>
				<entry key="json" value="application/json" />
				<entry key="xml" value="application/xml" />
				<entry key="html" value="text/html" />
			</map>
		</property>
		<property name="viewResolvers">
			<list>
				<bean class="org.springframework.web.servlet.view.BeanNameViewResolver" />
				<bean class="org.springframework.web.servlet.view.UrlBasedViewResolver">
					<property name="viewClass" value="org.springframework.web.servlet.view.JstlView" />
					<property name="prefix" value="/WEB-INF/page/" />
					<property name="suffix" value=".jsp" />
				</bean>
			</list>
		</property>
	</bean>

	<!-- 控制器异常处理 -->
	<bean id="exceptionResolver" class="cn.uuf.exception.UUFExceptionHandler"/>
	
	<bean id="multipartResolver"
		class="org.springframework.web.multipart.commons.CommonsMultipartResolver">
		<!-- one of the properties available; the maximum file size in bytes--> 
		<property name="maxUploadSize" value="210000000" />
	</bean>

</beans>
