<?xml version="1.0" encoding="UTF-8"?>
<beans xmlns="http://www.springframework.org/schema/beans"
	xmlns:xsi="http://www.w3.org/2001/XMLSchema-instance" xmlns:p="http://www.springframework.org/schema/p"
	xmlns:context="http://www.springframework.org/schema/context"
	xmlns:aop="http://www.springframework.org/schema/aop" xmlns:tx="http://www.springframework.org/schema/tx"

	xsi:schemaLocation="
        http://www.springframework.org/schema/beans http://www.springframework.org/schema/beans/spring-beans-3.2.xsd
        http://www.springframework.org/schema/context  http://www.springframework.org/schema/context/spring-context-3.2.xsd
        http://www.springframework.org/schema/aop http://www.springframework.org/schema/aop/spring-aop-3.2.xsd
        http://www.springframework.org/schema/tx http://www.springframework.org/schema/tx/spring-tx-3.2.xsd">

	<context:property-placeholder location="classpath:/jdbc.properties"
		ignore-resource-not-found="true" ignore-unresolvable="true" />
	<context:property-placeholder location="classpath:/hibernate.properties"
		ignore-resource-not-found="true" ignore-unresolvable="true" />

	<bean id="dataSource" class="org.logicalcobwebs.proxool.ProxoolDataSource">
		<property name="alias" value="proxoolDataSource" />
		<property name="driver" value="${jdbc.driver}" />
		<property name="driverUrl" value="${jdbc.url}" />
		<property name="user" value="${jdbc.username}" />
		<property name="password" value="${jdbc.password}" />
		<property name="houseKeepingTestSql" value="select 1 from dual" />
		<property name="prototypeCount" value="4" />
		<property name="maximumConnectionCount" value="${jdbc.maximum.connection.count}" />
		<property name="minimumConnectionCount" value="${jdbc.minimum.connection.count}" />
		<property name="statistics" value="${jdbc.statistics}" />
		<property name="houseKeepingSleepTime" value="90000" />
		<property name="maximumActiveTime" value="900000" />
		<property name="simultaneousBuildThrottle" value="${jdbc.simultaneous.build.throttle}" />
	</bean>

	<bean id="sessionFactory"
		class="org.springframework.orm.hibernate4.LocalSessionFactoryBean">
		<property name="dataSource" ref="dataSource" />
		<property name="hibernateProperties">
			<props>
				<prop key="hibernate.dialect">${hibernate.dialect}</prop>
				<prop key="hibernate.show_sql">${hibernate.show_sql}</prop>
				<prop key="hibernate.hbm2ddl.auto">${hibernate.hbm2ddl.auto}</prop>
				<prop key="hibernate.format_sql">true</prop>
				<prop key="hibernate.query.substitutions">${hibernate.query.substitutions}</prop>
				<prop key="hibernate.default_batch_fetch_size">${hibernate.default_batch_fetch_size}</prop>
				<prop key="hibernate.max_fetch_depth">${hibernate.max_fetch_depth}</prop>
				<prop key="hibernate.generate_statistics">${hibernate.generate_statistics}</prop>
				<prop key="hibernate.bytecode.use_reflection_optimizer">${hibernate.bytecode.use_reflection_optimizer}</prop>

				<prop key="hibernate.cache.use_second_level_cache">${hibernate.cache.use_second_level_cache}</prop>
				<prop key="hibernate.cache.use_query_cache">${hibernate.cache.use_query_cache}</prop>
				<prop key="hibernate.cache.region.factory_class">${hibernate.cache.region.factory_class}</prop>
				<prop key="net.sf.ehcache.configurationResourceName">${net.sf.ehcache.configurationResourceName}</prop>
				<prop key="hibernate.cache.use_structured_entries">${hibernate.cache.use_structured_entries}</prop>
				<prop key="hibernate.current_session_context_class">org.springframework.orm.hibernate4.SpringSessionContext
				</prop>
			</props>
		</property>
		<property name="annotatedClasses">
			<list>
				<!-- 权限相关 -->
				<value>cn.uuf.domain.Account</value>
				<value>cn.uuf.domain.Resource</value>
				<value>cn.uuf.domain.Role</value>
				<!-- code代码表 -->
				<value>cn.uuf.domain.CodeAsset</value>
				<value>cn.uuf.domain.CodeAssetType</value>
				<value>cn.uuf.domain.CodeAssetSource</value>
				<value>cn.uuf.domain.CodeDwb</value>
				<value>cn.uuf.domain.CodeDyb</value>
				<value>cn.uuf.domain.CodeLxb</value>
				<value>cn.uuf.domain.CodeBfxm</value>
				<value>cn.uuf.domain.CodeMode</value>
				<value>cn.uuf.domain.CodeMzb</value>
				<value>cn.uuf.domain.CodeSydb</value>
				<value>cn.uuf.domain.CodeZbb</value>
				<value>cn.uuf.domain.CodeZjb</value>
				<value>cn.uuf.domain.CodeZwb</value>
				<value>cn.uuf.domain.CodeXlb</value>
				<value>cn.uuf.domain.CodeXwb</value>
				<value>cn.uuf.domain.CodeWwlx</value>
				<value>cn.uuf.domain.CodeZzmmb</value>
				<value>cn.uuf.domain.CodeKtlb</value>
				<value>cn.uuf.domain.CodeKtzw</value>
				<value>cn.uuf.domain.CodeXzlb</value>
				<value>cn.uuf.domain.CodeJbb</value>
				<value>cn.uuf.domain.CodeBjbj</value>
				<value>cn.uuf.domain.CodeTjb</value>
				<value>cn.uuf.domain.CodeZdytjb</value>
				<value>cn.uuf.domain.CodeSaveZdytjb</value>
				<!-- 用户 -->
				<value>cn.uuf.domain.Log</value>
				<value>cn.uuf.domain.User</value>
				<value>cn.uuf.domain.Retparam</value>
				<value>cn.uuf.domain.Retirement</value>
				<value>cn.uuf.domain.Retirework</value>
				<value>cn.uuf.domain.Retirefamily</value>
				<value>cn.uuf.domain.Retiremember</value>
				<value>cn.uuf.domain.Retirelive</value>
				<value>cn.uuf.domain.Retiredeath</value>
				<value>cn.uuf.domain.Retiresalute</value>
				<value>cn.uuf.domain.Retiresaluterecord</value>
				<value>cn.uuf.domain.Retirehelp</value>
				<value>cn.uuf.domain.Retirewages</value>
				<value>cn.uuf.domain.Retiresubsidy</value>
				<!-- 党员信息 -->
				<value>cn.uuf.domain.ret.Retireparty</value>
				<value>cn.uuf.domain.ret.Retorganize</value>
				<value>cn.uuf.domain.ret.Retirepay</value>
				<value>cn.uuf.domain.ret.Retiredonations</value>
				<value>cn.uuf.domain.ret.Retirepartywork</value>
				<!-- 文件 -->
				<value>cn.uuf.domain.Folder</value>
				<!-- 活动 -->
				<value>cn.uuf.domain.activity.Retireactivity</value>
				<value>cn.uuf.domain.activity.Retireoldun</value>
				<value>cn.uuf.domain.activity.Retireworthiness</value>
				<value>cn.uuf.domain.activity.Retireactivother</value>
				<value>cn.uuf.domain.activity.Activity</value>
				<value>cn.uuf.domain.activity.ActivityApply</value>
				<!-- 表彰 -->
				<value>cn.uuf.domain.honor.Retirehonor</value>
				<!-- 工作日志 -->
				<value>cn.uuf.domain.daily.Workdaily</value>
				<!-- 会议室 -->
				<value>cn.uuf.domain.meetingroom.MeetingApply</value>
				<value>cn.uuf.domain.meetingroom.MeetingRoom</value>
				<!-- 通知公告 -->
				<value>cn.uuf.domain.message.Notice</value>
				<!-- 提示语 -->
				<value>cn.uuf.domain.cue.Retmarke</value>
				<!-- 通信录 -->
				<value>cn.uuf.domain.record.Retdepart</value>
				<value>cn.uuf.domain.record.Retrecord</value>
				<value>cn.uuf.domain.data.Carousel</value>
				<!-- 医疗 -->
				<value>cn.uuf.domain.health.Rethealth</value>
				<value>cn.uuf.domain.health.Rethospital</value>
				<value>cn.uuf.domain.health.Rethoscosts</value>
				<value>cn.uuf.domain.health.Rethoscard</value>
				<value>cn.uuf.domain.health.Retlabel</value>
				<value>cn.uuf.domain.health.Retphone</value>

				<!-- 问卷调查列表 -->
				<value>cn.uuf.domain.survey.Survey</value>
				<!-- 问卷题库 -->
				<value>cn.uuf.domain.survey.Questionten</value>
				<!-- 问卷明细表 -->
				<value>cn.uuf.domain.survey.Questionline</value>
				
				<!-- 在线学习 -->
				<value>cn.uuf.domain.learning.Course</value>
				<!-- 生活 -->
				<value>cn.uuf.domain.life.Video</value>
				<value>cn.uuf.domain.life.Photo</value>
				<value>cn.uuf.domain.life.Article</value>
				<value>cn.uuf.domain.life.Reply</value>
				<value>cn.uuf.domain.life.Goods</value>
				<value>cn.uuf.domain.life.DocGrp</value>
				<!-- 车辆 -->
				<value>cn.uuf.domain.car.Carinfo</value>
				<value>cn.uuf.domain.car.Carapply</value>
				<!-- 资产管理 -->
				<value>cn.uuf.domain.asset.AssetManage</value>
				<value>cn.uuf.domain.asset.AssetFushu</value>
				<value>cn.uuf.domain.asset.AssetRecord</value>
			</list>
		</property>
	</bean>


	<!-- 开启AOP监听 只对当前配置文件有效 -->
	<aop:aspectj-autoproxy expose-proxy="true" />

	<!-- 开启注解事务 只对当前配置文件有效 -->
	<tx:annotation-driven transaction-manager="txManager"
		proxy-target-class="true" />

	<bean id="txManager"
		class="org.springframework.orm.hibernate4.HibernateTransactionManager">
		<property name="sessionFactory" ref="sessionFactory" />
	</bean>

	<tx:advice id="txAdvice" transaction-manager="txManager">
		<tx:attributes>
			<tx:method name="save*" propagation="REQUIRED" />
			<tx:method name="create*" propagation="REQUIRED" />
			<tx:method name="insert*" propagation="REQUIRED" />
			<tx:method name="update*" propagation="REQUIRED" />
			<tx:method name="merge*" propagation="REQUIRED" />
			<tx:method name="delete*" propagation="REQUIRED" />
			<tx:method name="remove*" propagation="REQUIRED" />
			<!--hibernate4必须配置为开启事务 否则 getCurrentSession()获取不到 -->
			<tx:method name="get*" propagation="REQUIRED" read-only="true" />
			<tx:method name="count*" propagation="REQUIRED" read-only="true" />
			<tx:method name="find*" propagation="REQUIRED" read-only="true" />
			<tx:method name="list*" propagation="REQUIRED" read-only="true" />
			<tx:method name="*" read-only="true" />
		</tx:attributes>
	</tx:advice>
	<aop:config expose-proxy="true">
		<!-- 实施事务 -->
		<aop:advisor
			pointcut="execution(* cn.uuf.support.dao.hibernate.impl.HibernateDaoSupport.*(..))"
			advice-ref="txAdvice" />
		<aop:advisor pointcut="execution(* cn.uuf..service.impl.*.*(..))"
			advice-ref="txAdvice" />
	</aop:config>
</beans>
